code,system
66685020,multilex
66451020,multilex
67893020,multilex
78768020,multilex
66149020,multilex
65254020,multilex
71373020,multilex
68042020,multilex
4007020,multilex
79462020,multilex
65125020,multilex
65257020,multilex
38526020,multilex
66459020,multilex
65376020,multilex
65262020,multilex
71214020,multilex
68045020,multilex
4003020,multilex
71376020,multilex
71225020,multilex
66160020,multilex
79464020,multilex
66454020,multilex
66680020,multilex
67890020,multilex
79463020,multilex
65381020,multilex
67898020,multilex
65128020,multilex
68049020,multilex
66152020,multilex
3985020,multilex
66688020,multilex
87524020,multilex
4004020,multilex
3997020,multilex
53823020,multilex
4011020,multilex
65386020,multilex
65131020,multilex
90873020,multilex
97171020,multilex
55602020,multilex
87526020,multilex
86222020,multilex
69506020,multilex
3837020,multilex
69508020,multilex
97169020,multilex
77306020,multilex
93984020,multilex
90871020,multilex
64717020,multilex
64692020,multilex
93918020,multilex
80777020,multilex
66129020,multilex
69655020,multilex
63703020,multilex
67575020,multilex
69754020,multilex
72933020,multilex
66399020,multilex
66464020,multilex
67650020,multilex
65578020,multilex
72932020,multilex
61455020,multilex
61452020,multilex
74425020,multilex
63016020,multilex
61167020,multilex
69654020,multilex
69656020,multilex
65464020,multilex
61616020,multilex
61387020,multilex
66273020,multilex
62975020,multilex
61420020,multilex
61319020,multilex
61409020,multilex
61084020,multilex
61439020,multilex
62073020,multilex
62074020,multilex
79421020,multilex
77312020,multilex
79420020,multilex
79422020,multilex
33816020,multilex
90497020,multilex
72934020,multilex
20738020,multilex
72939020,multilex
69507020,multilex
71725020,multilex
75620020,multilex
74050020,multilex
72034020,multilex
88346020,multilex
88348020,multilex
62069020,multilex
66244020,multilex
62693020,multilex
62070020,multilex
60735020,multilex
92043020,multilex
72095020,multilex
74051020,multilex
98001020,multilex
72938020,multilex
93187020,multilex
72937020,multilex
74047020,multilex
74046020,multilex
82055020,multilex
49680020,multilex
80679020,multilex